﻿<?xml version="1.0" encoding="UTF-8" standalone="yes"?>
<addon id="plugin.video.twit"
       name="TWiT"
       version="2.0.4"
       provider-name="divingmule">
  <requires>
    <import addon="xbmc.python" version="2.1.0"/>
    <import addon="script.module.beautifulsoup" version="3.2.0"/>
    <import addon="script.common.plugin.cache" version="2.5.2"/>
    <import addon="script.module.simplejson" version="2.0.10"/>
    <import addon="script.module.pyamf" version="0.6.1"/>
    <import addon="script.ircchat" version="1.0.0"/>
  </requires>
  <extension point="xbmc.python.pluginsource" library="default.py">
    <provides>audio video</provides>
  </extension>
  <extension point="xbmc.addon.metadata">
    <summary>TWiT</summary>
    <description>Videos from the TWiT Network</description>
    <platform>all</platform>
    <language>en</language>
    <license>GNU GENERAL PUBLIC LICENSE. Version 2, June 1991</license>
    <source>https://code.google.com/p/twit-xbmc/</source>
  </extension>
</addon>
