<?xml version="1.0" encoding="UTF-8"?>
<addon id="plugin.video.bestofyoutube_com" name="BestOfYoutube.com" version="2.0.8" provider-name="AddonScriptorDE">
    <requires>
        <import addon="xbmc.python" version="2.1.0"/>
        <import addon="plugin.video.youtube" version="3.0.0"/>
    </requires>
    <extension point="xbmc.python.pluginsource" library="default.py">
        <provides>video</provides>
    </extension>
    <extension point="xbmc.addon.metadata">
        <platform>all</platform>
        <summary lang="en">Only the best Youtube clips</summary>
        <summary lang="de">Nur die besten Youtube Videos</summary>
        <language></language>
        <description lang="en">Only the best Youtube clips</description>
        <description lang="de">Nur die besten Youtube Videos</description>
        <website>http://www.bestofyoutube.com</website>
        <source>https://github.com/AddonScriptorDE/plugin.video.bestofyoutube_com</source>
        <forum>http://forum.xbmc.org/showthread.php?tid=132564</forum>
        <email>AddonScriptorDE at yahoo dot de</email>
    </extension>
</addon>
